pts,crf_ref,encode_order,intra_qp_ref,intra_total_bits,intra_y_psnr,intra_u_psnr,intra_v_psnr,intra_yuv_psnr,intra_ssim,intra_ssim_db,intra_total_time,poc,inter_qp_ref,inter_total_bits,inter_y_psnr,inter_u_psnr,inter_v_psnr,inter_yuv_psnr,inter_ssim,inter_ssim_db,inter_total_time,ctu_intra_pct,ctu_merge_pct,ctu_skip_pct,ctu_inter_pct
0,28,0,2227,1316696,45726,49194,48740,46537,988545,19410,22910,0,2227,1316152,45726,49194,48740,46537,988545,19410,14140,100,0,0,0
16667,28,1,3335,357992,38970,44209,43692,40215,960940,14083,28800,1,3279,48552,40509,48439,47856,42419,977890,16554,14400,10.29,64.9,8.32,16.49
33333,28,2,3337,358456,38945,44160,43586,40177,960799,14067,32010,2,3137,46744,40668,48363,47784,42519,977994,16575,14530,1.63,65.55,10.83,21.99
50000,28,3,3338,357392,38895,44125,43574,40133,960397,14023,42080,3,3142,48344,40728,48232,47660,42532,977892,16554,14150,1.17,70.55,5.98,22.3
66667,28,4,3334,357984,38995,44165,43682,40227,961133,14104,28170,4,3175,35560,40552,48000,47451,42345,977053,16393,3050,0.68,71.33,6.58,21.41
83333,28,5,3335,358024,38953,44237,43675,40204,960813,14069,38100,5,3112,44344,40737,47995,47448,42483,977303,16440,2880,0.95,68.46,6.42,24.17
100000,28,6,3335,361008,38936,44091,43666,40172,960759,14063,41130,6,3108,46584,40818,47937,47401,42531,977455,16469,2770,0.72,66.86,6.42,26
116667,28,7,3335,358832,38927,44165,43596,40166,960657,14051,30890,7,3089,48888,40832,47885,47361,42530,977342,16448,2770,0.93,62.71,9.26,27.1
133333,28,8,3335,357888,38943,44138,43546,40168,960728,14059,35890,8,3143,38632,40545,47565,47065,42237,976045,16206,2840,0.62,68.11,6.16,25.11
150000,28,9,3335,358056,38951,44142,43538,40173,960596,14045,27310,9,3038,47208,40733,47688,47202,42411,976722,16331,2850,0.93,62.72,8.5,27.85
166667,28,10,3336,360368,38871,44038,43527,40099,960056,13985,31150,10,3036,46320,40685,47592,47134,42354,976331,16258,2900,1,63.46,8.2,27.34
183333,28,11,3337,360688,38854,44007,43530,40082,959936,13972,41540,11,3044,48536,40646,47562,47091,42316,976144,16224,2870,1.09,61.82,8.34,28.75
200000,28,12,3336,358504,38934,44067,43584,40157,960416,14025,32800,12,3168,33912,40495,47438,46952,42170,975370,16085,2830,0.48,70.91,6.28,22.33
216667,28,13,3335,358912,38941,44149,43633,40179,960503,14034,37980,13,3066,43216,40739,47637,47189,42407,976303,16253,2850,0.46,64.49,7.18,27.87
233333,28,14,3334,358456,38958,44092,43647,40186,960777,14065,34620,14,3027,51432,40699,47667,47176,42380,976329,16258,2920,0.88,61.29,7.9,29.93
250000,28,15,3335,358072,38936,44136,43675,40179,960647,14050,29150,15,3040,47112,40705,47692,47197,42390,976264,16246,2880,0.66,64.96,4.68,29.7
266667,28,16,3334,356640,38953,44089,43585,40174,960498,14034,35820,16,3094,38896,40497,47385,46842,42151,975179,16052,2840,0.79,64.11,8.49,26.61
283333,28,17,3334,357048,38944,44006,43576,40155,960369,14020,35430,17,3088,48208,40685,47480,46935,42316,975816,16165,2810,0.79,64.12,6.24,28.85
300000,28,18,3335,359320,38894,44084,43517,40121,960221,14004,33840,18,3037,51256,40600,47466,46914,42248,975489,16106,2880,1.07,61.87,7.22,29.84
316667,28,19,3336,360096,38889,43980,43475,40099,960149,13996,33370,19,3086,50112,40588,47393,46821,42218,975329,16078,2870,0.54,64.81,5.72,28.93
333333,28,20,3334,358008,38927,44042,43538,40143,960360,14019,42400,20,3117,38720,40402,47276,46719,42051,974528,15939,2880,0.52,70.01,5.09,24.38
350000,28,21,3334,357888,38947,44098,43562,40168,960551,14040,30580,21,3040,52680,40622,47451,46912,42262,975285,16070,2840,1.81,61.18,6.92,30.09
366667,28,22,3336,357024,38937,44125,43632,40173,960383,14021,31760,22,3029,48672,40621,47470,46923,42265,975277,16069,2900,0.41,62.43,8.1,29.06
383333,28,23,3338,357184,38915,44049,43622,40145,960319,14014,48480,23,2975,59432,40618,47474,46919,42263,975177,16052,2910,1.52,57.25,8.36,32.87
400000,28,24,3335,357696,38939,44051,43591,40159,960346,14017,29850,24,3066,44128,40360,47142,46591,41986,974137,15873,3070,1.07,61.53,8.29,29.11
416667,28,25,3335,358472,38944,44041,43578,40161,960436,14027,31540,25,2998,56936,40521,47282,46721,42141,974638,15958,3300,2.37,56.03,8.32,33.28
433333,28,26,3335,361216,38871,44120,43571,40114,959922,13971,46640,26,3006,55656,40440,47262,46691,42074,974146,15875,3270,1.61,60.48,5.89,32.02
450000,28,27,3336,361800,38851,44056,43520,40086,959919,13971,25490,27,3009,55616,40424,47213,46644,42050,974057,15860,3210,1.95,59.71,6.81,31.53
466667,28,28,3336,359432,38915,44057,43564,40139,960056,13985,28930,28,3055,46448,40278,47001,46449,41889,973272,15730,2920,1.05,63.74,5.82,29.39
483333,28,29,3338,359392,38911,44104,43598,40146,960059,13986,48260,29,3029,52360,40447,47149,46629,42057,974057,15860,3160,1.13,62.6,6.34,29.93
500000,28,30,3339,360320,38898,44058,43630,40134,959921,13971,26820,30,2989,55928,40472,47161,46649,42081,973998,15850,3310,2.09,62.12,5.7,30.09
516667,28,31,3339,359624,38902,44082,43566,40133,959816,13959,30180,31,3009,56208,40454,47163,46681,42071,973803,15818,3280,1.75,58.91,6.18,33.16
533333,28,32,3336,357688,38963,44208,43771,40220,960751,14062,50290,32,3085,44008,40334,47171,46643,41977,973498,15767,3220,1.31,63.33,6.85,28.51
550000,28,33,3338,359448,38920,44158,43625,40163,960286,14011,29180,33,3035,57920,40446,47195,46664,42067,973821,15820,3150,1.52,61.34,6.1,31.04
566667,28,34,3340,358864,38895,44114,43567,40132,959868,13965,29160,34,3018,56752,40454,47170,46640,42067,973743,15807,3600,1.78,54.98,10.03,33.21
583333,28,35,3341,362568,38886,44094,43628,40129,959943,13973,46100,35,2978,88872,40334,47074,46526,41951,973070,15698,3450,6.74,40.27,11.26,41.73
600000,28,36,3341,360648,38856,44024,43458,40077,959657,13942,22620,36,3105,45096,40084,46686,46146,41667,971919,15516,3410,0.96,65.58,5.78,27.68
616667,28,37,3342,362552,38879,43990,43473,40092,959584,13934,29370,37,3063,51144,40318,46818,46280,41876,972968,15681,3010,0.88,63.36,7.49,28.27
633333,28,38,3341,363808,38859,44015,43453,40078,959488,13924,46570,38,3027,52472,40351,46860,46323,41911,973205,15719,2970,0.92,64.2,6.83,28.05
650000,28,39,3342,361456,38820,43978,43518,40052,959352,13910,27060,39,3022,54664,40401,46897,46384,41961,973393,15750,2820,0.68,61.31,7.45,30.56
666667,28,40,3342,362584,38844,43963,43426,40057,959281,13902,35380,40,3103,42736,40175,46695,46161,41738,972316,15578,2840,0.68,66.97,5.88,26.47
683333,28,41,3343,362616,38851,43956,43473,40067,959400,13915,43110,41,3073,53776,40381,46827,46303,41927,973166,15713,2880,1.09,60.11,7.29,31.51
700000,28,42,3344,362880,38824,44048,43497,40061,959433,13918,25910,42,3000,56200,40390,46870,46323,41941,973202,15719,3220,0.83,62.37,7.4,29.4
716667,28,43,3345,362896,38796,44015,43484,40035,959067,13879,37050,43,3025,57232,40396,46884,46320,41948,973280,15732,3160,1.1,60.57,7.28,31.05
733333,28,44,3343,362400,38809,43919,43421,40024,959117,13885,45970,44,3053,38048,40170,46659,46101,41722,972322,15579,3100,0.31,70.27,4.62,24.8
750000,28,45,3344,362880,38794,43888,43445,40012,959142,13887,31550,45,3030,53040,40350,46773,46207,41885,973162,15713,3030,0.77,60.85,7.17,31.21
766667,28,46,3345,363968,38790,44050,43508,40037,959338,13908,33660,46,3026,56616,40395,46873,46295,41942,973306,15736,3070,1.21,59.01,8.25,31.53
783333,28,47,3346,363296,38760,44046,43537,40018,958978,13870,38240,47,3028,52800,40391,46858,46259,41933,973325,15739,3070,0.99,62.56,7.4,29.05
800000,28,48,3344,361752,38782,43956,43466,40014,959057,13878,21010,48,3108,37984,40123,46597,46004,41667,972071,15539,2820,0.37,67.9,5.79,25.94
816667,28,49,3344,363392,38786,43998,43516,40029,959328,13907,32090,49,3075,46640,40364,46770,46189,41893,973145,15710,2970,0.57,68.38,4.42,26.63
833333,28,50,3344,363176,38771,43936,43456,40002,959309,13905,47250,50,3021,52200,40386,46792,46195,41913,973356,15744,3140,0.86,62.23,6.99,29.92
850000,28,51,3345,363976,38756,43939,43426,39988,959311,13905,30710,51,3009,55280,40400,46824,46210,41929,973294,15734,3150,1.54,61.98,6.66,29.82
866667,28,52,3345,364696,38760,43886,43407,39982,958999,13872,34450,52,3057,41880,40174,46564,45951,41695,972284,15573,3060,1.18,69.21,3.85,25.76
883333,28,53,3345,364528,38768,43944,43442,39999,959011,13873,44430,53,3053,52320,40298,46770,46154,41839,973002,15687,3050,1.53,61.58,4.91,31.98
900000,28,54,3345,367056,38770,43944,43423,39998,959145,13888,27160,54,2991,53016,40351,46802,46158,41883,973174,15714,3250,1.52,59.97,7.33,31.18
916667,28,55,3347,366816,38751,43924,43416,39981,959077,13880,30590,55,3033,52904,40343,46795,46152,41875,973069,15697,3160,1.14,61.51,7.11,30.24
933333,28,56,3347,365984,38741,43856,43352,39957,958982,13870,48110,56,3107,37632,40106,46518,45863,41627,971880,15510,2920,0.57,71.5,3.02,24.91
950000,28,57,3347,365080,38763,43906,43387,39984,959111,13884,27040,57,3063,48712,40254,46692,46040,41782,972723,15642,2790,0.8,62.64,5.8,30.76
966667,28,58,3347,365904,38731,43875,43383,39956,958804,13851,29750,58,3034,47936,40211,46716,46084,41758,972518,15610,2860,0.66,63.93,6.98,28.43
983333,28,59,3347,363632,38712,43842,43351,39933,958829,13854,51150,59,3049,49688,40268,46750,46098,41807,972644,15629,2860,0.54,64.81,5.48,29.17
1000000,28,60,3345,362536,38787,44006,43490,40027,959361,13911,29870,60,3109,33888,40129,46749,46057,41697,972302,15575,2830,0.34,72.83,4.7,22.13
1016667,28,61,3345,364936,38732,44051,43457,39988,959195,13893,29870,61,3023,51944,40257,46782,46078,41800,972694,15637,3190,1.32,61.59,6.16,30.93
1033333,28,62,3346,363808,38721,44024,43464,39977,958930,13865,46940,62,3063,51864,40244,46791,46057,41789,972652,15631,3250,0.87,62.36,7.32,29.45
1050000,28,63,3347,366648,38696,43951,43456,39948,958820,13853,22120,63,3039,53968,40242,46773,46036,41783,972551,15615,3220,1.77,62.2,5.67,30.36
1066667,28,64,3345,362952,38770,43959,43432,40002,959347,13909,28150,64,3111,40160,40075,46699,45944,41636,972041,15535,2860,0.76,68.4,4.21,26.63
1083333,28,65,3346,364824,38736,43965,43501,39985,959158,13889,47580,65,3056,48280,40249,46730,45996,41778,972574,15618,2930,0.81,64.21,6.65,28.33
1100000,28,66,3347,369032,38712,43936,43438,39956,959033,13876,28130,66,3023,54504,40266,46704,45965,41783,972573,15618,3260,1.07,60.31,7.34,31.28
1116667,28,67,3347,366768,38704,43960,43358,39943,958939,13866,34140,67,3022,57640,40355,46663,45924,41840,972835,15660,3210,1.32,63.36,4.95,30.37
1133333,28,68,3345,364064,38769,43985,43474,40009,959419,13917,42540,68,3111,41024,40102,46646,45873,41642,972081,15541,3130,2,66.04,6.91,25.05
1150000,28,69,3346,366080,38729,43969,43446,39973,959015,13874,25840,69,3022,53168,40248,46644,45865,41750,972575,15619,2790,1.35,60.63,7.5,30.52
1166667,28,70,3346,368312,38707,43993,43408,39955,958850,13856,32690,70,3064,52408,40279,46629,45863,41771,972539,15613,2870,2.11,60.84,7.66,29.39
1183333,28,71,3348,367928,38680,43966,43464,39939,958655,13836,44590,71,3020,50368,40292,46642,45891,41786,972541,15613,2760,2.51,62.77,6.73,27.99
1200000,28,72,3345,365168,38755,43972,43457,39995,959223,13896,30190,72,3074,33864,40193,46605,45873,41704,972284,15573,2870,2.18,71.18,4.11,22.53
1216667,28,73,3346,368032,38721,43989,43445,39970,959075,13880,32550,73,3071,50968,40232,46630,45887,41739,972382,15588,2860,2.26,62.75,5.88,29.11
1233333,28,74,3348,366264,38668,43896,43437,39917,958730,13844,45540,74,3000,58784,40248,46623,45890,41750,972437,15597,3170,2.77,61.19,4.93,31.11
1250000,28,75,3349,366912,38661,43944,43421,39917,958391,13808,27630,75,3037,56064,40247,46576,45853,41739,972451,15599,3100,3.13,62.37,5.23,29.27
1266667,28,76,3346,365464,38720,43970,43456,39968,959121,13885,31100,76,3122,41216,40034,46519,45778,41563,971811,15499,3050,1.75,69.7,3.57,24.98
1283333,28,77,3347,368248,38689,43916,43450,39938,958641,13834,48950,77,3046,50264,40177,46561,45808,41679,972341,15582,2860,2.21,63.07,7.31,27.41
1300000,28,78,3347,366472,38679,43995,43487,39944,958750,13846,31300,78,3020,52712,40243,46541,45816,41727,972479,15603,2880,2.1,60.26,8.13,29.51
1316667,28,79,3347,367448,38662,43932,43469,39921,958532,13823,35760,79,3050,52960,40253,46525,45820,41733,972407,15592,2860,1.8,63.65,6.36,28.19
1333333,28,80,3344,365432,38741,43974,43547,39996,959228,13896,56960,80,3143,37904,40072,46517,45829,41597,971992,15527,2780,1.44,69.28,6.2,23.08
1350000,28,81,3344,367224,38750,43970,43534,40000,959240,13898,33900,81,3077,44592,40223,46539,45861,41717,972511,15608,2840,0.82,67.12,6.59,25.47
1366667,28,82,3345,366816,38716,44001,43475,39972,958906,13862,31400,82,3054,47248,40250,46535,45854,41736,972578,15619,2860,0.57,66.69,4.87,27.87
1383333,28,83,3345,368864,38699,43929,43453,39947,958951,13867,46310,83,3079,46920,40273,46543,45862,41755,972635,15628,2910,0.85,65.66,6.51,26.98
1400000,28,84,3344,366448,38748,43961,43494,39993,959372,13912,21680,84,3135,33040,40094,46498,45834,41612,972042,15535,2850,0.61,73.86,4.04,21.49
1416667,28,85,3345,367960,38689,44040,43498,39959,958763,13847,29180,85,3004,46408,40226,46499,45842,41712,972433,15596,2910,1.12,62.95,7.54,28.39
1433333,28,86,3346,369664,38681,43961,43446,39937,958887,13860,49510,86,3008,52816,40252,46515,45856,41735,972406,15592,3020,1.45,61.83,6.26,30.46
1450000,28,87,3348,368752,38658,43933,43433,39914,958417,13811,30140,87,2983,53456,40224,46521,45858,41715,972390,15589,3050,1.71,59.58,7.44,31.27
1466667,28,88,3346,367512,38691,43934,43448,39941,958849,13856,33400,88,3092,38456,40087,46429,45784,41592,971984,15526,3020,1.02,67.51,6.03,25.44
1483333,28,89,3347,368168,38667,44032,43467,39938,958460,13815,49470,89,3048,43640,40124,46450,45811,41626,972168,15555,2880,0.77,65.69,7.29,26.25
1500000,28,90,3349,367432,38632,43868,43405,39883,958213,13790,29050,90,3013,54560,40199,46429,45789,41676,972254,15568,3000,1.16,60.78,5.71,32.35
1516667,28,91,3351,369984,38625,43860,43371,39873,958112,13779,29040,91,2989,52920,40191,46417,45795,41670,972257,15569,2970,1.16,59.93,6.29,32.62
1533333,28,92,3348,366824,38679,43909,43443,39928,958444,13814,43930,92,3129,32296,40011,46406,45765,41530,971696,15481,2950,1.1,70.51,6.87,21.52
1550000,28,93,3348,369720,38639,43925,43443,39901,958192,13787,22820,93,3027,50216,40174,46425,45794,41658,972103,15544,2910,1.14,61.72,7.15,29.99
1566667,28,94,3348,369496,38635,43894,43389,39887,958289,13797,30600,94,3031,53536,40196,46432,45799,41676,972214,15562,3000,0.84,63.05,5.91,30.2
1583333,28,95,3349,370240,38651,43901,43375,39898,958314,13800,48400,95,3042,51840,40240,46397,45755,41699,972302,15575,2950,0.95,60.36,7.65,31.04
1600000,28,96,3347,369672,38697,43877,43484,39943,958733,13844,30230,96,3124,32464,39988,46365,45744,41505,971550,15459,2750,0.62,72.7,3.64,23.04
1616667,28,97,3349,370456,38632,43827,43402,39877,958261,13795,32570,97,3040,45464,40150,46318,45696,41614,972026,15532,2760,2.59,64.78,5.4,27.23
1633333,28,98,3353,372424,38571,43847,43372,39831,957873,13754,40900,98,2985,57008,40154,46349,45715,41623,972057,15537,3100,3.54,61.19,5.92,29.35
1650000,28,99,3354,372648,38536,43865,43334,39802,957416,13708,29980,99,3002,63592,40085,46331,45670,41564,971616,15469,3140,4.75,55.46,7.73,32.06
1666667,28,100,3352,370400,38579,43866,43395,39842,957891,13756,31810,100,3081,44352,39911,46275,45634,41422,971063,15385,3190,2.97,63.5,7.83,25.7
1683333,28,101,3353,370776,38584,43761,43321,39823,957731,13740,44000,101,3080,51096,40036,46277,45634,41516,971604,15467,2950,2.01,60,8.53,29.46
1700000,28,102,3354,373448,38522,43783,43300,39777,957295,13695,35120,102,2998,56560,40045,46301,45644,41527,971434,15441,3110,1.28,58.19,8.49,32.04
1716667,28,103,3356,372440,38505,43781,43299,39764,957141,13680,31670,103,3034,57576,40072,46307,45622,41545,971491,15450,2990,1.61,57.82,7.49,33.08
1733333,28,104,3354,371224,38575,43798,43327,39822,957679,13734,40940,104,3126,40008,39889,46255,45571,41395,970851,15354,3150,0.79,68.09,5.43,25.69
1750000,28,105,3357,374008,38520,43846,43333,39788,957297,13695,33330,105,3032,60192,40019,46287,45595,41500,971273,15417,3220,1.99,55.03,9.44,33.54
1766667,28,106,3358,373960,38491,43870,43253,39759,957112,13677,33390,106,3040,59776,40025,46271,45599,41502,971231,15411,3360,1.86,60.3,6.86,30.98
1783333,28,107,3358,374240,38496,43792,43260,39754,956984,13664,49040,107,3054,61160,40031,46260,45568,41502,971128,15395,3110,2.11,56.26,8.7,32.93
1800000,28,108,3355,370648,38552,43857,43324,39811,957519,13718,41450,108,3115,40808,39881,46233,45553,41384,970598,15316,3010,1.61,66.2,5.84,26.35
1816667,28,109,3356,373744,38524,43870,43358,39797,957433,13709,35960,109,3038,51416,39990,46228,45540,41463,971141,15397,2970,1.89,61.21,6.39,30.51
1833333,28,110,3358,374616,38484,43765,43265,39742,957087,13674,43260,110,3008,60344,40021,46203,45517,41481,971152,15399,2990,2.96,56.6,6.66,33.78
1850000,28,111,3359,375416,38465,43774,43283,39731,957027,13668,28700,111,3016,63864,39998,46204,45531,41466,971061,15385,2950,3.26,55.49,6.08,35.17
1866667,28,112,3357,373792,38529,43868,43297,39793,957442,13710,32150,112,3117,48440,39838,46156,45480,41333,970448,15294,3150,3.71,60.17,6.9,29.22
1883333,28,113,3358,375752,38451,43884,43271,39733,956949,13660,46480,113,3051,55032,39954,46169,45497,41424,970936,15366,3260,2.95,59.99,6.71,30.35
1900000,28,114,3360,375456,38444,43791,43280,39717,956838,13649,31960,114,3064,56640,39950,46163,45483,41418,970953,15369,3400,2.97,61.76,4.7,30.57
1916667,28,115,3360,375072,38423,43870,43327,39717,956634,13629,35610,115,3071,57520,39947,46198,45482,41420,970865,15356,3120,3.47,60.11,5.59,30.83
1933333,28,116,3358,373784,38482,43792,43340,39753,957015,13667,44100,116,3159,37600,39827,46119,45422,41313,970450,15294,2990,2.92,69.79,3.34,23.95
1950000,28,117,3357,374792,38473,43878,43331,39755,957233,13689,26510,117,3051,51648,39962,46180,45474,41428,971041,15382,2870,1.8,62.39,5.52,30.29
1966667,28,118,3360,375440,38436,43746,43268,39704,956889,13654,33870,118,3059,56520,39959,46180,45499,41429,970925,15365,2950,2.48,59.09,7.15,31.28
1983333,28,119,3360,373384,38411,43772,43283,39690,956712,13636,42900,119,3065,54808,39964,46167,45478,41429,970956,15369,2890,2.45,60.31,5.95,31.29
2000000,28,120,3357,371640,38478,43925,43323,39764,957479,13714,27480,120,3189,42624,39784,46127,45417,41281,970386,15285,2790,1.91,67.02,5.08,25.99
2016667,28,121,3358,372800,38463,43825,43294,39737,957322,13698,34170,121,3074,48600,39944,46171,45490,41416,971170,15402,2760,1.99,64.09,5.07,28.85
2033333,28,122,3358,375008,38443,43751,43302,39714,957253,13691,48710,122,3089,52880,40051,46137,45471,41489,971376,15433,2800,2.14,63.32,6.32,28.22
2050000,28,123,3360,375632,38438,43790,43310,39716,957281,13694,31500,123,3022,63248,40013,46115,45430,41453,971371,15432,2850,2.69,59.23,5.09,32.99
2066667,28,124,3359,375088,38454,43785,43260,39721,957261,13692,31820,124,3084,36616,39868,46089,45382,41335,970634,15321,2830,1.54,70.01,3.78,24.67
2083333,28,125,3360,375744,38453,43800,43273,39724,957226,13688,38980,125,3033,58336,40006,46124,45417,41447,971270,15417,2890,2.24,60.56,4.72,32.48
2100000,28,126,3361,376680,38408,43794,43249,39687,956860,13651,21940,126,3005,59656,40064,46090,45415,41486,971434,15441,3070,1.12,55.67,9.5,33.71
2116667,28,127,3363,379888,38415,43691,43196,39672,956786,13644,29710,127,3015,60192,40041,46080,45414,41467,971343,15428,3050,2.26,59.23,6.23,32.28
2133333,28,128,3361,377160,38434,43794,43214,39701,957062,13672,51620,128,3113,42960,39834,46019,45366,41299,970440,15293,3060,1.61,65.01,6.94,26.44
2150000,28,129,3361,375952,38427,43791,43268,39703,956957,13661,37030,129,3084,45944,39937,46095,45444,41395,971050,15383,2970,1.51,63.91,6.22,28.36
2166667,28,130,3362,379696,38398,43749,43231,39671,956710,13636,32160,130,3054,54584,39974,46089,45430,41420,971197,15406,3010,1.44,59.61,8.95,30
2183333,28,131,3363,378512,38357,43742,43201,39636,956412,13606,39630,131,3046,54936,39960,46084,45411,41407,971134,15396,2870,1.89,61.13,6.31,30.67
2200000,28,132,3363,377296,38398,43755,43212,39670,956581,13623,25040,132,3146,38856,39727,46030,45347,41217,970111,15245,2810,1.6,66.59,6.1,25.71
2216667,28,133,3364,377792,38384,43774,43213,39662,956832,13648,29710,133,3050,42664,39935,46117,45440,41396,971148,15398,2860,0.99,65.7,6.75,26.56
2233333,28,134,3365,377592,38348,43757,43237,39635,956332,13598,45780,134,3069,50736,39951,46111,45418,41405,971063,15386,2880,1.61,63.67,5.87,28.85
2250000,28,135,3365,378256,38351,43730,43232,39633,956583,13623,33060,135,3059,54360,39923,46083,45372,41374,971069,15386,2790,2.86,62.55,5.81,28.78
2266667,28,136,3363,377120,38365,43680,43196,39634,956260,13591,30690,136,3138,37264,39730,45941,45284,41201,970154,15251,2840,1.62,68.96,5.61,23.81
2283333,28,137,3365,380376,38345,43686,43239,39624,956190,13584,46240,137,3006,65864,39873,45943,45302,41310,970702,15332,2880,5.05,56.49,7.28,31.18
2300000,28,138,3368,381168,38312,43755,43249,39610,956197,13585,30180,138,3028,59944,39932,46011,45388,41374,970915,15363,3020,2.07,60.94,5.94,31.05
2316667,28,139,3370,381352,38286,43699,43167,39573,955987,13564,33460,139,3001,67792,39936,45933,45336,41360,970925,15365,3150,5.7,54.66,7.74,31.9
2333333,28,140,3370,382088,38300,43608,43084,39562,955916,13557,49930,140,3148,48896,39692,45847,45268,41159,969787,15198,3120,2.26,64.59,6.49,26.66
2350000,28,141,3371,382736,38320,43646,43121,39586,956358,13601,29870,141,3086,50936,39833,45909,45336,41280,970573,15313,3130,2.66,64.25,6,27.09
2366667,28,142,3372,381544,38272,43607,43162,39550,955846,13550,34950,142,3039,58168,39855,45903,45343,41297,970592,15315,3170,2.95,61.6,7.35,28.1
2383333,28,143,3373,382960,38263,43643,43166,39548,955916,13557,52730,143,3005,70112,39919,45891,45305,41339,970803,15347,3280,2.97,57.81,7.37,31.85
2400000,28,144,3372,380960,38274,43719,43174,39567,955537,13520,30870,144,3159,50016,39640,45824,45223,41111,969587,15169,3400,3.4,67.14,4.83,24.63
2416667,28,145,3374,383544,38262,43602,43127,39537,955557,13522,30840,145,3055,58624,39796,45848,45262,41236,970350,15280,3150,3.49,62.94,5.8,27.77
2433333,28,146,3374,384088,38242,43619,43171,39530,955285,13495,42540,146,3040,63184,39847,45841,45276,41275,970476,15298,3260,3.86,59.35,7.43,29.36
2450000,28,147,3375,384528,38234,43631,43079,39514,955137,13481,21150,147,3031,66568,39831,45845,45273,41263,970357,15281,3170,3.74,58.78,7.33,30.15
2466667,28,148,3374,382216,38288,43555,43119,39550,955540,13520,31180,148,3122,50544,39633,45778,45227,41100,969467,15152,3320,3.27,62.57,6.57,27.59
2483333,28,149,3374,383128,38270,43578,43112,39539,955559,13522,45890,149,3034,63928,39867,45916,45335,41307,970525,15305,3140,2.66,58.14,8.81,30.39
2500000,28,150,3375,385648,38273,43639,43096,39547,955553,13522,29560,150,3070,59016,39834,45921,45336,41283,970340,15278,3090,2.65,61.95,6.94,28.46
2516667,28,151,3375,383752,38222,43521,43129,39498,955038,13472,35980,151,3041,62976,39915,45883,45285,41332,970669,15327,2990,4.46,61.31,5.62,28.61
2533333,28,152,3373,382088,38269,43611,43155,39547,955284,13495,44230,152,3169,46640,39656,45824,45231,41124,969391,15141,2970,2.56,60.75,10.06,26.63
2550000,28,153,3374,383072,38281,43636,43188,39564,955468,13513,29740,153,3101,48584,39843,45884,45310,41282,970223,15261,3020,1.82,64.73,6.43,27.02
2566667,28,154,3373,380680,38258,43629,43131,39539,955383,13505,33500,154,3053,56536,39944,45905,45333,41363,970630,15321,2960,2.33,61.95,6.56,29.16
2583333,28,155,3373,381688,38283,43687,43159,39568,955369,13504,46220,155,3056,57536,39984,45899,45314,41390,970823,15350,3220,2.8,62.21,6.3,28.69
2600000,28,156,3369,381008,38315,43706,43194,39599,955738,13540,28090,156,3156,45008,39711,45859,45299,41178,969651,15179,3120,2.04,65.05,7.53,25.38
2616667,28,157,3370,379576,38306,43678,43178,39586,955731,13539,31290,157,3036,52056,39924,45880,45312,41342,970681,15329,3200,1.03,60.17,8.78,30.02
2633333,28,158,3370,379296,38308,43633,43187,39584,955789,13545,51830,158,3026,57592,39987,45886,45308,41389,971024,15380,3170,1.55,59.99,6.53,31.93
2650000,28,159,3367,380032,38400,43665,43147,39652,956367,13602,30350,159,3006,59536,40012,45935,45344,41419,971058,15385,3130,2.17,57.48,7.78,32.57
2666667,28,160,3363,375536,38427,43730,43268,39695,956471,13612,30340,160,3087,42824,39813,46016,45406,41287,970127,15247,3330,1.25,63.39,7.19,28.17
2683333,28,161,3361,374720,38439,43821,43282,39717,956775,13643,42680,161,3029,64056,39915,46084,45458,41379,970681,15328,3220,1.62,51.13,10.63,36.62
2700000,28,162,3360,376400,38462,43813,43300,39736,956951,13660,19840,162,3014,61120,39920,46064,45433,41377,970768,15341,3240,1.39,56.68,8.12,33.81
2716667,28,163,3356,372992,38505,43840,43333,39775,957436,13710,32740,163,3007,81032,39876,46084,45431,41347,970399,15287,3120,3.2,42.51,11.4,42.89
2733333,28,164,3355,371536,38542,43824,43281,39795,957449,13711,41620,164,3050,57848,39710,46029,45368,41207,969396,15142,3340,2.24,57.81,6.28,33.67
2750000,28,165,3352,370168,38531,43896,43382,39808,957625,13729,33280,165,3030,76368,39762,46109,45421,41263,969634,15176,3780,2.45,44.15,11.84,41.56
2766667,28,166,3351,371160,38563,43885,43411,39834,958012,13769,36730,166,3019,77448,39794,46116,45424,41288,969766,15195,3950,2.21,47.45,11.09,39.25
2783333,28,167,3349,369040,38618,43927,43488,39890,958340,13803,34640,167,3031,79888,39783,46129,45409,41279,969677,15182,3950,2.67,44.19,11.9,41.24
2800000,28,168,3344,366152,38710,44005,43483,39968,959228,13896,34360,168,3060,61584,39733,46049,45298,41218,969549,15164,4050,1.38,53.2,10.56,34.86
2816667,28,169,3343,367848,38684,43984,43440,39941,959179,13891,30660,169,3034,79120,39730,46137,45405,41240,969487,15155,3840,2.91,43.85,10.62,42.62
2833333,28,170,3342,366136,38698,43975,43421,39948,959441,13919,46080,170,3021,75416,39755,46126,45365,41252,969833,15205,3820,2.57,48.78,10.02,38.63
2850000,28,171,3340,364752,38733,44031,43526,39994,959816,13959,35460,171,3006,80816,39867,46153,45377,41341,970233,15263,3720,2.37,45.05,11.95,40.63
2866667,28,172,3337,362032,38818,44098,43539,40068,960366,14019,29790,172,3066,59960,39781,46069,45273,41253,970045,15235,3950,1.14,58.91,5.37,34.58
2883333,28,173,3336,362720,38795,44029,43467,40033,960236,14005,48590,173,3007,74648,39880,46155,45359,41349,970428,15291,4220,2.41,48.46,8.69,40.44
2900000,28,174,3336,360512,38810,44084,43487,40054,960392,14022,27840,174,2994,72080,39953,46173,45383,41409,970808,15347,4380,1.29,51.22,9.35,38.14
2916667,28,175,3336,361856,38812,44113,43550,40067,960765,14063,29130,175,2999,82448,39967,46195,45400,41425,971012,15378,4440,2.94,44.48,11.12,41.46
2933333,28,176,3330,360440,38945,44134,43531,40167,961611,14158,40680,176,3046,60528,39882,46129,45335,41345,970814,15348,4440,1.6,54.81,7.3,36.29
2950000,28,177,3330,361232,38902,44234,43664,40163,961199,14112,21600,177,2992,69656,39998,46214,45437,41455,971338,15427,3750,1.48,50.55,9.56,38.41
2966667,28,178,3331,361856,38871,44220,43567,40127,961030,14093,34950,178,2988,73752,40001,46231,45449,41461,971238,15412,3280,2.5,49.41,9.05,39.04
2983333,28,179,3333,362368,38877,44088,43567,40115,961231,14115,47110,179,2998,81032,39983,46183,45431,41439,971123,15394,3280,4.43,42.62,13.46,39.49
3000000,28,180,3330,360576,38917,44198,43568,40159,961323,14125,32620,180,3042,66488,39870,46076,45313,41326,970770,15342,3630,3.91,52.57,9.81,33.71
3016667,28,181,3331,362536,38847,44190,43573,40105,961042,14094,35730,181,3026,76024,39925,46112,45350,41377,970992,15375,3870,3.9,49.02,11.81,35.27
3033333,28,182,3333,363712,38835,44128,43524,40083,961051,14095,38810,182,2995,86344,39911,46126,45357,41368,970960,15370,3580,4.88,43.95,10.97,40.2
3050000,28,183,3333,365152,38812,44126,43534,40066,961002,14090,25330,183,3013,80160,39911,46102,45342,41364,970894,15360,3510,5.4,46.64,12.43,35.53
3066667,28,184,3330,363648,38908,44145,43531,40140,961550,14151,33660,184,3049,66528,39796,46009,45233,41252,970602,15317,3390,5.15,52.61,7.9,34.34
3083333,28,185,3333,362288,38843,44111,43478,40081,961026,14092,43270,185,3022,71344,39880,46098,45318,41337,970985,15374,3500,4.21,52.13,10.45,33.21
3100000,28,186,3333,362848,38843,44074,43574,40088,961329,14126,28500,186,2999,78888,39900,46088,45321,41352,971032,15381,3640,4.81,49.36,9.38,36.45
3116667,28,187,3334,362288,38827,44103,43500,40070,961200,14112,33760,187,2996,84320,39928,46105,45346,41377,971256,15415,3710,5.26,46.27,11.78,36.69
3133333,28,188,3330,359464,38881,44211,43556,40132,961593,14156,39330,188,3086,59320,39798,46037,45264,41261,970837,15352,3640,3.95,59.78,7.59,28.68
3150000,28,189,3332,360304,38851,44185,43524,40102,961344,14128,23700,189,3003,75816,39958,46072,45307,41391,971517,15454,3620,3.3,53.04,8.91,34.75
3166667,28,190,3331,362448,38894,44096,43544,40126,961855,14186,35970,190,2997,75096,39996,46087,45317,41422,971731,15487,3640,5.48,50.21,12.74,31.57
3183333,28,191,3332,360704,38890,44150,43569,40133,961883,14189,43350,191,2992,85744,39961,46094,45313,41397,971582,15464,3860,6.78,46.82,12.27,34.13
3200000,28,192,3328,358600,38991,44252,43675,40234,962824,14297,29460,192,3048,64200,39900,46053,45254,41338,971459,15445,3680,6.19,55.47,9.58,28.76
3216667,28,193,3332,359512,38941,44257,43653,40194,962503,14260,36260,193,3002,80008,40012,46115,45322,41438,972056,15537,3780,5.49,49.94,9.59,34.98
3233333,28,194,3331,357480,38929,44167,43597,40167,962626,14274,43890,194,2991,79184,40059,46099,45331,41473,972358,15584,3960,6.3,51.28,10.08,32.34
3250000,28,195,3326,359048,38968,44236,43677,40215,962810,14296,31060,195,2980,88608,40081,46129,45336,41494,972472,15602,3900,7.76,46.6,10.48,35.16
3266667,28,196,3323,356216,39076,44276,43677,40301,963671,14398,31060,196,3011,69024,39970,46047,45295,41395,972150,15552,4080,6.1,50.65,11.16,32.09
3283333,28,197,3322,357296,39041,44267,43725,40280,963513,14379,39670,197,3000,77096,40061,46077,45321,41471,972542,15613,3700,5.05,47.7,12.45,34.8
3300000,28,198,3320,355088,39029,44248,43670,40261,963610,14390,22280,198,2995,82904,40037,46106,45329,41457,972449,15599,3840,5.65,46.71,11.81,35.83
3316667,28,199,3317,354272,39075,44321,43661,40304,963969,14433,29140,199,2979,85576,40062,46094,45319,41473,972594,15622,3460,5.19,46.34,11.09,37.38
3333333,28,200,3314,350640,39162,44270,43724,40371,964486,14496,48360,200,3017,68552,39991,46051,45261,41407,972419,15594,3760,4.83,51.21,10.92,33.04
3350000,28,201,3313,353392,39123,44307,43728,40347,964449,14491,32410,201,2984,74288,40072,46083,45302,41477,972714,15641,3740,4.08,49.68,9.38,36.86
3366667,28,202,3315,351744,39140,44324,43739,40363,964593,14509,30020,202,2976,81392,40077,46102,45312,41485,972761,15648,3830,4.27,43.12,12.01,40.6
3383333,28,203,3313,352240,39150,44335,43741,40372,964610,14511,43890,203,2979,84080,40127,46080,45281,41515,972893,15669,3720,4.73,42.89,13.57,38.81
3400000,28,204,3307,349640,39238,44353,43694,40435,965217,14586,24680,204,3018,80888,39971,45982,45212,41378,972228,15564,3730,6.84,42.94,10.82,39.4
3416667,28,205,3308,349024,39195,44452,43747,40421,964880,14544,28250,205,2985,83400,40134,46042,45240,41511,972864,15665,3710,5.57,46.99,9.8,37.64
3433333,28,206,3307,351992,39259,44376,43739,40458,965329,14600,49380,206,2973,85352,40159,46043,45240,41530,972885,15668,3940,4.62,46.23,8.8,40.35
3450000,28,207,3307,350344,39261,44309,43667,40443,965155,14579,28670,207,2975,88024,40190,46015,45206,41545,972950,15678,4010,4.54,43.88,11.64,39.94
3466667,28,208,3303,348152,39355,44361,43780,40534,965932,14677,28640,208,2996,73424,40109,45938,45130,41465,972745,15645,4030,4.83,45.67,12.46,37.04
3483333,28,209,3303,348864,39317,44461,43862,40528,965398,14609,44630,209,2980,81288,40230,45970,45170,41565,973209,15720,4030,4.99,49.45,9.1,36.46
3500000,28,210,3302,351752,39339,44330,43704,40508,965419,14612,27750,210,2986,85760,40261,45937,45155,41583,973244,15726,4280,3.8,46.58,11.12,38.5
3516667,28,211,3303,349472,39363,44354,43702,40529,965439,14614,27880,211,2974,103600,40246,45871,45130,41560,972815,15657,4330,7.25,34.43,13.7,44.62
3533333,28,212,3302,346992,39411,44306,43735,40563,965594,14634,39690,212,3023,67352,40134,45778,45036,41452,972499,15607,4170,3.69,53.32,8.59,34.4
3550000,28,213,3302,348384,39384,44284,43712,40538,965208,14585,27010,213,2989,82904,40250,45822,45089,41552,972848,15662,4030,4.69,48.42,8.43,38.46
3566667,28,214,3302,348072,39401,44289,43738,40554,965271,14593,27960,214,2970,90848,40322,45849,45151,41616,972939,15677,4510,4.98,42.71,10.7,41.61
3583333,28,215,3301,346192,39406,44268,43717,40553,965249,14590,40850,215,2958,83648,40353,45869,45159,41643,973155,15711,4350,3.7,45.46,10.34,40.5
3600000,28,216,3300,345456,39458,44307,43756,40601,965522,14625,32620,216,3030,57984,40266,45781,45094,41559,972915,15673,4180,1.85,56.45,8.13,33.57
3616667,28,217,3300,343888,39454,44312,43763,40600,965419,14612,30700,217,2963,76248,40411,45823,45150,41680,973360,15745,4160,3.45,46.93,10.86,38.76
3633333,28,218,3300,344112,39485,44271,43711,40611,965336,14601,44920,218,2970,76880,40514,45874,45180,41767,973471,15763,3610,2.7,46.22,11.79,39.29
3650000,28,219,3299,341408,39507,44307,43761,40639,965437,14614,32010,219,2956,75928,40547,45889,45206,41797,973673,15796,3610,2.09,49.13,10.83,37.95
3666667,28,220,3295,339168,39591,44296,43795,40705,965828,14663,29210,220,3059,50880,40419,45851,45141,41688,973373,15747,3600,1.17,59.6,8.27,30.96
3683333,28,221,3293,341408,39581,44340,43800,40703,965672,14644,44190,221,2950,70472,40584,45923,45232,41832,973786,15815,3410,2.33,49.89,10.02,37.76
3700000,28,222,3296,339728,39564,44323,43837,40693,965453,14616,26300,222,3011,64824,40666,45949,45271,41902,973960,15844,3510,1.64,55.17,8.04,35.15
3716667,28,223,3295,340552,39533,44377,43854,40679,964991,14558,28540,223,2943,83504,40638,45956,45270,41882,973825,15821,3520,4.05,44.96,11.26,39.73
3733333,28,224,3293,338216,39626,44380,43817,40744,965788,14658,40510,224,3063,51032,40521,45863,45207,41775,973600,15784,3730,1.31,60.59,6.74,31.36
3750000,28,225,3293,339520,39591,44394,43869,40726,965390,14608,24880,225,2960,73344,40641,45936,45282,41883,973808,15818,3520,2.9,47.85,10.37,38.88
3766667,28,226,3295,341344,39555,44282,43758,40672,965013,14561,31000,226,2956,68168,40674,45958,45284,41910,973861,15827,3550,2.15,51.16,9.29,37.4
3783333,28,227,3297,340752,39569,44341,43845,40700,965027,14563,41410,227,2968,70160,40680,45956,45290,41916,973903,15834,3310,2.6,50,10.76,36.64
3800000,28,228,3296,341000,39564,44293,43729,40676,964986,14558,30150,228,2999,60656,40520,45627,45040,41724,973000,15686,3540,1.76,54.69,7.94,35.61
3816667,28,229,3298,341736,39557,44199,43774,40664,964878,14544,38350,229,2968,62728,40702,45742,45183,41892,974052,15859,3540,2,56.21,7.29,34.5
3833333,28,230,3298,339896,39541,44323,43785,40669,965006,14560,35900,230,2956,70456,40711,45822,45253,41918,974034,15856,3760,2.52,53.76,7.6,36.12
3850000,28,231,3300,341752,39563,44223,43763,40671,964768,14531,28610,231,2939,76640,40717,45858,45269,41929,973990,15849,3480,3.59,46.62,11.2,38.59
3866667,28,232,3299,341528,39526,44186,43672,40627,964580,14508,36260,232,3042,54832,40454,45590,45031,41668,972888,15668,3230,2.43,58.07,6.99,32.51
3883333,28,233,3301,343144,39513,44163,43676,40615,964520,14500,35420,233,2971,64968,40643,45736,45159,41844,973729,15805,3020,1.98,52.65,9.79,35.58
3900000,28,234,3301,342712,39509,44243,43670,40621,964501,14498,31260,234,2955,67384,40709,45823,45237,41915,973966,15845,3040,2,49.51,11.95,36.54
3916667,28,235,3301,342936,39514,44281,43778,40643,964527,14501,35890,235,2967,64648,40683,45839,45246,41898,974025,15855,3290,2.56,50.96,12.01,34.47
3933333,28,236,3300,342152,39527,44220,43653,40630,964384,14484,38340,236,2988,48352,40501,45632,45027,41708,973187,15717,3270,1.25,57.47,8.92,32.36
3950000,28,237,3299,342048,39540,44189,43716,40643,964469,14494,28590,237,2988,56232,40684,45753,45150,41876,974081,15864,3550,1.39,58.01,7.04,33.56
3966667,28,238,3300,340624,39529,44236,43731,40643,964534,14502,36010,238,2968,61256,40746,45813,45195,41936,974189,15882,3460,2.24,52.69,11.24,33.83
3983333,28,239,3300,342512,39530,44216,43689,40636,964410,14487,38160,239,2953,70592,40746,45874,45244,41949,974046,15858,3530,2.53,50.23,9.9,37.34
4000000,28,240,3299,341200,39534,44288,43747,40655,964333,14477,27530,240,2993,54360,40570,45659,45042,41765,973248,15726,3520,2.43,55.37,9.2,33
4016667,28,241,3299,341608,39557,44250,43796,40674,964212,14463,35390,241,2972,74832,40650,45797,45198,41862,973533,15773,3520,5.34,45.54,11,38.12
4033333,28,242,3297,341720,39565,44289,43778,40682,964160,14456,41210,242,2960,70568,40699,45851,45268,41914,973550,15776,3420,2.73,50.3,9.77,37.2
4050000,28,243,3300,342104,39558,44306,43843,40687,964082,14447,29050,243,2967,67752,40721,45877,45312,41939,973638,15790,3400,2.77,53.67,8.23,35.33
4066667,28,244,3299,340136,39589,44239,43732,40688,964075,14446,35290,244,3007,53576,40558,45621,45081,41756,972859,15664,3380,2.17,54.81,9.33,33.69
4083333,28,245,3299,339736,39596,44277,43781,40705,964185,14459,44610,245,2981,61728,40737,45760,45231,41927,973735,15806,3650,1.81,54.88,8.85,34.46
4100000,28,246,3298,340408,39572,44341,43864,40705,963861,14420,28640,246,2962,63552,40751,45829,45298,41954,973634,15790,3450,2.57,53.85,7.62,35.96
4116667,28,247,3300,339504,39566,44300,43851,40693,963942,14430,31720,247,2970,66224,40762,45879,45358,41976,973671,15796,3270,2.64,51.31,8.76,37.29
4133333,28,248,3299,339432,39588,44267,43762,40695,963915,14427,45140,248,3005,53056,40584,45644,45127,41785,972769,15649,3210,3.49,56.27,7.28,32.96
4150000,28,249,3298,340120,39611,44282,43829,40722,963964,14433,26010,249,2984,59704,40763,45792,45267,41954,973588,15782,3410,2.21,52.58,10.24,34.97
4166667,28,250,3299,340296,39620,44289,43815,40728,963919,14427,29570,250,2945,64104,40829,45877,45321,42021,973867,15828,3460,1.76,52.68,9.24,36.32
4183333,28,251,3298,339720,39601,44328,43814,40718,963942,14430,47370,251,2957,64760,40857,45906,45341,42049,973820,15820,3430,1.95,51.69,9.35,37.01
4200000,28,252,3297,340360,39628,44246,43802,40727,963789,14412,26790,252,2997,51624,40611,45677,45135,41810,972756,15647,3170,1.73,53.8,9.78,34.69
4216667,28,253,3298,340048,39640,44227,43798,40733,963750,14407,30580,253,2980,57440,40834,45846,45308,42020,973711,15802,3280,1.91,56.97,6.92,34.2
4233333,28,254,3298,337896,39648,44373,43874,40767,963652,14395,46820,254,2953,65104,40856,45903,45362,42050,973692,15799,3170,2.33,50.73,8.84,38.1
4250000,28,255,3295,337736,39691,44376,43875,40799,963677,14398,25950,255,2943,78568,40854,45960,45428,42064,973344,15742,3300,4.17,40.97,10.41,44.45
4266667,28,256,3292,335624,39710,44310,43892,40808,963828,14416,29890,256,3072,52192,40663,45704,45213,41862,972404,15591,3480,2.17,56.19,8.21,33.43
4283333,28,257,3290,335304,39778,44460,43998,40891,963715,14403,50080,257,2959,72824,40852,45922,45404,42055,973058,15696,3650,3.48,48.37,8.96,39.19
4300000,28,258,3290,336112,39770,44504,44031,40894,963911,14426,30160,258,2954,68832,40863,45968,45461,42076,973080,15699,3720,3.21,51.42,8.68,36.69
4316667,28,259,3288,334544,39837,44508,43998,40941,963916,14427,30150,259,2946,82120,40909,46036,45499,42124,973031,15691,3640,4.01,41.66,11.39,42.94
4333333,28,260,3285,333432,39853,44494,43954,40946,963907,14426,40720,260,3012,52576,40734,45800,45275,41935,972186,15557,3660,1.86,59.13,6.05,32.96
4350000,28,261,3284,333392,39874,44558,43977,40972,963779,14410,19650,261,2970,68864,40891,45948,45421,42089,972671,15634,3720,2.64,49.12,9.8,38.44
4366667,28,262,3281,331080,39864,44607,44106,40987,963609,14390,32230,262,2962,68560,40920,46015,45468,42125,972724,15642,3700,2.52,47.69,11.14,38.65
4383333,28,263,3279,331768,39905,44583,44100,41014,963713,14403,40850,263,2949,71640,40976,46045,45506,42176,972835,15660,3530,2.22,47.25,10.33,40.2
4400000,28,264,3277,331624,39984,44688,44132,41090,964277,14471,29510,264,2978,55712,40869,45975,45454,42080,972243,15566,3490,1.53,55.09,8.48,34.9
4416667,28,265,3275,330632,39986,44595,44144,41082,964157,14456,40910,265,2991,64000,40999,46105,45568,42208,972861,15664,3280,1.39,51.1,9.98,37.53
4433333,28,266,3273,328184,40002,44608,44178,41099,964006,14438,36250,266,2961,69360,41081,46167,45650,42288,972930,15675,3230,2.45,47.27,10.69,39.59
4450000,28,267,3272,329192,40021,44685,44220,41129,964069,14445,32150,267,2957,67752,41105,46195,45690,42315,973003,15687,3120,3.01,50.04,9.87,37.08
4466667,28,268,3269,326792,40138,44803,44243,41234,964639,14515,36780,268,3041,53064,40990,46050,45562,42194,972539,15613,3360,1.69,56.61,7.91,33.79
4483333,28,269,3270,327136,40088,44736,44286,41194,964310,14475,43780,269,2976,60616,41173,46177,45693,42363,973186,15716,3520,1.43,53.67,7.74,37.16
4500000,28,270,3269,326976,40119,44778,44285,41222,964359,14481,35970,270,2963,62384,41223,46232,45739,42414,973346,15742,3550,1.61,54.23,8.54,35.62
4516667,28,271,3267,325936,40139,44794,44316,41243,964348,14479,31450,271,2948,63336,41275,46238,45750,42455,973467,15762,3340,2.56,52.98,8.39,36.07
4533333,28,272,3265,323168,40227,44902,44350,41327,964648,14516,43490,272,2994,51312,41181,46166,45661,42364,973071,15698,3410,1.75,56.62,7.14,34.49
4550000,28,273,3263,324672,40233,44937,44397,41342,964913,14549,27960,273,2969,71832,41273,46350,45812,42475,973503,15768,3560,5.59,46.31,8.93,39.17
4566667,28,274,3261,321728,40274,44977,44436,41382,964905,14548,28020,274,2958,64112,41331,46418,45855,42533,973615,15786,3590,2.54,47.46,11.51,38.49
4583333,28,275,3259,320912,40288,44953,44482,41395,965001,14559,37120,275,2946,67392,41395,46451,45908,42591,973827,15821,3350,3.08,48.79,9,39.13
4600000,28,276,3259,318208,40328,45014,44498,41435,964981,14557,30900,276,2987,49672,41289,46344,45805,42485,973198,15718,3280,2.15,58.14,5.73,33.98
4616667,28,277,3257,319120,40344,44988,44597,41456,965067,14568,27590,277,2951,58864,41448,46460,45951,42638,973934,15839,3460,1.82,51.88,10.01,36.29
4633333,28,278,3255,317840,40323,45052,44520,41439,964999,14559,41870,278,2960,65528,41406,46493,45976,42613,973825,15821,3660,3.78,47.15,10.48,38.59
4650000,28,279,3252,317744,40403,45032,44565,41502,965365,14605,38090,279,2944,69208,41463,46532,46018,42666,973894,15833,3690,4.04,47.21,9.76,38.99
4666667,28,280,3253,316736,40453,45095,44569,41548,965514,14624,28340,280,2988,57536,41337,46454,45896,42547,973272,15730,3520,2.24,48.23,10.86,38.67
4683333,28,281,3253,316584,40436,45023,44545,41523,965372,14606,46620,281,2963,68384,41384,46540,45987,42604,973589,15782,3290,4.97,44.82,9.77,40.44
4700000,28,282,3253,315152,40433,45061,44603,41533,965404,14610,32340,282,2978,63688,41436,46595,46036,42656,973524,15772,3340,4.07,51.53,9.38,35.02
4716667,28,283,3254,316488,40419,45109,44648,41534,965396,14609,29960,283,2948,79560,41428,46611,46079,42658,973478,15764,3970,7.69,41.58,8.54,42.19
4733333,28,284,3253,312944,40505,45167,44679,41609,965533,14626,45190,284,3003,54104,41356,46515,45960,42576,972983,15684,4190,4.3,49.8,10.85,35.05
4750000,28,285,3254,316072,40433,45127,44602,41541,965176,14581,24430,285,2973,67760,41418,46546,46034,42636,973414,15753,4180,4.31,46.86,7.47,41.36
4766667,28,286,3256,316360,40434,45081,44614,41538,965465,14617,29480,286,2951,65288,41428,46526,46039,42642,973559,15777,4020,4.33,47.94,8.76,38.97
4783333,28,287,3256,315880,40402,45102,44600,41514,965073,14568,50310,287,2948,70304,41428,46536,46062,42645,973477,15764,3560,4.56,44.25,9.32,41.87
4800000,28,288,3255,314376,40521,45140,44714,41623,965484,14620,31000,288,3002,52336,41391,46432,45993,42596,972986,15684,3400,4.93,53.12,8.78,33.17
4816667,28,289,3257,316992,40434,45158,44655,41552,965086,14570,30990,289,2952,67024,41425,46519,46078,42644,973387,15749,3660,4.5,48.13,9.23,38.14
4833333,28,290,3257,314912,40390,45076,44677,41512,964650,14516,44500,290,2952,65208,41450,46493,46066,42658,973339,15741,3730,2.99,50.68,7.57,38.76
4850000,28,291,3260,318304,40408,44980,44614,41505,964968,14555,20740,291,2945,70960,41426,46470,46082,42638,973260,15728,3870,4.77,46.61,7.62,41
4866667,28,292,3260,314392,40468,45116,44734,41582,964976,14556,29540,292,3014,53744,41348,46371,46014,42559,972761,15648,3810,4.84,52.85,8.78,33.53
4883333,28,293,3260,315360,40404,45056,44630,41514,964706,14523,49820,293,2951,66768,41445,46441,46072,42648,973178,15715,3790,3.77,48.96,8.39,38.88
4900000,28,294,3263,317616,40363,44991,44626,41474,964493,14497,31260,294,2961,67264,41394,46418,46075,42607,973177,15715,3800,4.05,53.7,5.07,37.18
4916667,28,295,3263,317792,40389,45010,44632,41497,964500,14498,33540,295,2954,68696,41456,46457,46093,42661,973222,15722,3510,4.4,45.07,11,39.53
4933333,28,296,3264,317368,40422,44998,44558,41511,964590,14509,49800,296,3027,53080,41309,46306,45978,42517,972567,15617,3500,2.86,52.86,8.32,35.96
4950000,28,297,3268,318856,40321,44930,44584,41430,964336,14478,29370,297,2987,84576,41296,46299,45985,42507,972769,15649,3500,10.43,39.31,9.77,40.49
4966667,28,298,3267,318760,40318,44933,44575,41427,964168,14457,29370,298,2981,64008,41346,46331,46016,42553,972752,15647,3570,4.04,53.52,9.69,32.75
4983333,28,299,3269,320360,40286,44845,44540,41388,963810,14414,48580,299,2943,72784,41394,46355,46002,42590,972899,15670,3430,5.67,49.5,7.47,37.36
5000000,28,300,3270,321520,40338,44920,44604,41444,964271,14470,23740,300,2988,54744,41224,46236,45896,42434,972287,15573,3430,3.63,55.8,5.07,35.5
5016667,28,301,3274,325040,40202,44870,44413,41312,963624,14392,28140,301,2963,76568,41210,46268,45933,42432,972399,15591,3610,6.9,43.48,9.35,40.27
5033333,28,302,3277,328800,40137,44837,44394,41256,963126,14333,45180,302,2954,77176,41177,46233,45908,42400,972161,15553,3800,5.27,48.28,7.34,39.11
5050000,28,303,3280,330880,40059,44767,44396,41190,962898,14306,25420,303,2951,78208,41104,46178,45844,42331,971927,15517,3810,4.28,46.17,9.21,40.34
5066667,28,304,3284,328320,40037,44719,44353,41162,962723,14286,38520,304,3004,59928,40931,46051,45720,42169,971264,15416,3650,3.65,53.09,8.45,34.81
5083333,28,305,3288,333520,39949,44562,44270,41066,962298,14236,41530,305,2974,76168,40967,46071,45713,42198,971475,15448,3610,5.6,45.93,8.53,39.94
5100000,28,306,3293,338824,39818,44565,44123,40949,961595,14156,29190,306,2964,80368,40852,45984,45630,42090,971107,15392,3590,6.68,42.5,9.13,41.69
5116667,28,307,3297,338832,39743,44479,44050,40874,961343,14128,37710,307,2975,81680,40823,45930,45586,42057,971012,15378,3760,4.78,44.47,9.4,41.35
5133333,28,308,3300,338720,39762,44461,44001,40879,961381,14132,33540,308,3027,62880,40662,45783,45452,41901,970343,15279,3740,2.59,53,7.37,37.04
5150000,28,309,3305,342016,39711,44394,44041,40838,961318,14125,34510,309,2970,78680,40783,45926,45569,42024,971145,15398,3750,5.39,44.78,9.51,40.32
5166667,28,310,3308,345880,39665,44363,44016,40796,961006,14090,38840,310,2969,81160,40814,45942,45548,42047,971324,15425,3820,4.84,42.09,10.39,42.68
5183333,28,311,3311,345800,39598,44222,43902,40714,960915,14080,33440,311,2969,80048,40749,45928,45491,41989,971125,15395,3810,4.54,46.96,8.7,39.8
5200000,28,312,3314,345312,39556,44217,43819,40671,960885,14077,35160,312,3015,60984,40483,45659,45226,41723,970055,15237,3690,3.71,49.61,9.96,36.72
5216667,28,313,3316,346992,39524,44164,43792,40638,960566,14041,34950,313,2986,71840,40684,45783,45351,41905,971190,15404,3630,3.74,45.4,11.39,39.47
5233333,28,314,3319,349120,39405,44135,43693,40532,960362,14019,35940,314,2976,79424,40523,45700,45280,41765,970639,15322,3440,4.3,42.11,10.9,42.69
5250000,28,315,3321,352136,39411,44051,43651,40521,960277,14010,37600,315,2977,82216,40509,45685,45243,41747,970603,15317,3570,4.51,44.2,9.93,41.36
5266667,28,316,3321,351064,39437,44046,43641,40539,960798,14067,33640,316,3018,67864,40386,45572,45130,41627,970090,15242,3560,2.63,50.77,7.55,39.05
5283333,28,317,3326,353048,39365,44069,43628,40486,960416,14025,39130,317,3002,99016,40360,45665,45220,41631,970257,15266,4150,6.95,36.88,9.85,46.32
5300000,28,318,3329,354824,39347,44019,43584,40461,960530,14037,29080,318,2995,89512,40369,45726,45261,41650,970290,15271,4150,4.43,42.17,11.09,42.31
5316667,28,319,3331,358360,39257,44011,43568,40390,960353,14018,36430,319,3001,107128,40207,45649,45211,41513,969841,15206,4540,7.76,32.05,14.8,45.39
5333333,28,320,3331,354256,39281,44085,43675,40431,960650,14051,43170,320,3084,70296,40104,45669,45219,41439,969644,15178,4550,3.36,54.5,8.02,34.12
5350000,28,321,3335,360272,39198,43937,43616,40343,960404,14024,29620,321,3021,84408,40208,45638,45248,41517,970051,15236,4160,4.17,47.96,7.69,40.18
5366667,28,322,3337,359760,39185,43940,43498,40318,960172,13998,34800,322,3011,85000,40218,45645,45235,41524,970066,15238,4200,3.99,47.33,10.01,38.67
5383333,28,323,3337,358392,39156,43988,43546,40309,959581,13934,41440,323,3009,89656,40273,45638,45218,41562,969988,15227,3900,3.73,41.93,12.74,41.6
5400000,28,324,3335,356080,39250,43976,43603,40385,960218,14003,28020,324,3022,70872,40171,45620,45205,41482,969815,15202,3680,2.76,53.93,7.35,35.96
5416667,28,325,3337,360000,39195,43975,43538,40335,959599,13936,31450,325,2995,78256,40271,45634,45206,41559,970097,15243,3680,2.52,48.76,9.95,38.77
5433333,28,326,3337,360240,39136,44030,43563,40301,959551,13931,49580,326,2983,84944,40290,45644,45190,41572,970343,15279,3680,2.51,44.98,11.54,40.97
5450000,28,327,3337,357960,39149,44056,43612,40320,959779,13955,28980,327,2988,95568,40266,45632,45180,41551,970168,15253,3880,3.94,38.44,12.86,44.76
5466667,28,328,3334,356688,39206,44029,43660,40366,960461,14030,28960,328,3057,64120,40159,45593,45137,41461,969993,15228,3920,1.79,54.3,10.92,32.99
5483333,28,329,3337,358240,39173,44031,43637,40338,959972,13976,43020,329,2994,78872,40237,45622,45162,41526,970252,15265,3900,1.9,47.67,10.99,39.44
5500000,28,330,3339,358672,39105,43973,43561,40270,959608,13937,22560,330,2986,76128,40272,45671,45202,41563,970395,15286,3900,2.25,50.12,10.22,37.41
5516667,28,331,3339,360008,39090,43966,43533,40255,959798,13958,32630,331,2973,80472,40335,45686,45229,41616,970689,15330,3700,2.36,50.34,9.58,37.72
5533333,28,332,3338,357896,39157,44029,43524,40312,960431,14026,45960,332,3053,56824,40205,45669,45243,41517,970500,15302,3480,2.27,58.78,6.69,32.26
5550000,28,333,3339,359352,39113,44038,43607,40290,960014,13981,30950,333,2988,68688,40349,45712,45250,41632,970938,15367,3220,2.56,53.36,8.58,35.5
5566667,28,334,3340,362136,39056,44001,43590,40241,959456,13921,34090,334,2988,72080,40353,45726,45255,41637,971022,15379,3010,1.74,54.79,8.38,35.09
5583333,28,335,3342,360088,39058,43942,43462,40219,959422,13917,39310,335,2965,70592,40371,45720,45258,41650,971193,15405,3270,1.61,55.41,8.87,34.11
5600000,28,336,3339,361840,39126,44028,43557,40292,960154,13996,28180,336,3024,56720,40232,45643,45236,41534,970937,15367,3260,1.26,57.38,6.94,34.42
5616667,28,337,3341,360688,39063,43954,43543,40234,960037,13983,32340,337,2996,60104,40381,45680,45256,41653,971448,15444,3420,1.16,57.91,8.65,32.28
5633333,28,338,3343,362584,39070,43928,43610,40244,959601,13936,43460,338,2975,69288,40378,45717,45300,41661,971265,15416,3380,2.07,56.07,7.51,34.35
5650000,28,339,3344,361464,39022,43942,43566,40205,959326,13907,33850,339,2951,70744,40393,45747,45289,41674,971313,15423,3490,1.56,53.65,6.22,38.57
5666667,28,340,3340,359776,39107,43955,43600,40274,960335,14016,31670,340,3027,50880,40255,45701,45256,41561,971107,15392,3470,1.97,58.15,8.91,30.97
5683333,28,341,3341,362408,39066,44026,43578,40250,959866,13965,37340,341,2983,65216,40404,45751,45299,41685,971493,15450,3500,2.32,52.47,10.95,34.26
5700000,28,342,3343,362280,39039,44027,43637,40237,959421,13917,29800,342,2965,71856,40398,45745,45318,41681,971565,15462,3540,1.97,48.98,12.22,36.83
5716667,28,343,3343,360280,39017,44042,43585,40216,959281,13902,29010,343,2968,65568,40411,45755,45323,41693,971518,15454,3550,1.78,54.9,9.31,34.01
5733333,28,344,3341,357344,39063,44010,43606,40249,959771,13955,37560,344,3021,53952,40273,45759,45303,41588,971335,15427,3340,1.6,56.15,10.22,32.03
5750000,28,345,3341,360240,39048,44038,43583,40238,959825,13960,34210,345,2980,59424,40402,45810,45334,41694,971761,15492,3370,1.56,54.25,10.07,34.12
5766667,28,346,3343,360808,39034,43965,43638,40226,959777,13955,31210,346,2979,62128,40427,45821,45334,41714,971741,15488,3270,1.27,55.52,9.62,33.59
5783333,28,347,3343,361296,39015,44050,43581,40215,959532,13929,41430,347,2963,69928,40437,45848,45360,41729,971717,15485,3380,1.91,52.79,10.28,35.02
5800000,28,348,3340,358776,39096,44048,43579,40275,960377,14021,32880,348,3051,48448,40270,45769,45304,41587,971457,15445,3220,1.03,61.79,7.27,29.91
5816667,28,349,3343,361296,39038,44001,43605,40230,959692,13946,33380,349,2993,58616,40403,45822,45354,41699,971946,15520,3170,1.78,58.76,6.36,33.1
5833333,28,350,3344,361472,39006,44037,43580,40207,959429,13918,45500,350,2973,66544,40440,45900,45364,41738,971808,15499,3180,2.28,53.71,8.25,35.76
5850000,28,351,3345,362496,39017,44016,43582,40213,959314,13906,30470,351,2957,69904,40462,45915,45408,41762,971925,15517,3330,2.14,55.5,6.96,35.4
5866667,28,352,3345,362304,39004,43985,43564,40197,959306,13905,33870,352,3051,49528,40191,45644,45151,41493,970818,15349,3270,1.26,62.74,6.14,29.86
5883333,28,353,3346,361608,39003,43967,43550,40192,959618,13938,47750,353,2984,59976,40392,45767,45304,41678,971728,15486,3380,1.36,58.03,7.16,33.45
5900000,28,354,3345,361512,38976,43990,43538,40173,959360,13910,28980,354,2979,60864,40422,45809,45355,41712,971908,15514,3090,1.45,54.89,9.58,34.08
5916667,28,355,3347,362568,38970,44007,43526,40169,959540,13930,28980,355,2981,63600,40409,45832,45351,41705,971982,15526,3160,1.39,57.58,6.26,34.77
5933333,28,356,3346,359720,38983,44022,43504,40178,959448,13920,45940,356,3064,48376,40231,45668,45165,41527,971006,15377,3160,1.31,63.02,5.57,30.1
5950000,28,357,3347,361384,38992,43992,43581,40190,959416,13916,26920,357,2976,65960,40378,45810,45310,41673,971728,15486,3460,2.46,54.2,8.39,34.95
5966667,28,358,3347,359424,38947,43995,43570,40156,959284,13902,30820,358,3027,62264,40364,45865,45366,41677,971750,15490,3720,0.95,57.01,8.7,33.34
5983333,28,359,3347,361544,38919,43951,43531,40124,959123,13885,47770,359,2976,65584,40365,45893,45388,41684,971752,15490,3440,1.18,57.84,7.01,33.97
6000000,28,360,3347,363856,38938,43960,43467,40132,959075,13880,28350,360,3016,47528,40192,45667,45187,41501,971014,15378,3230,1.22,59.68,9.46,29.64
6016667,28,361,3347,361088,38935,43983,43558,40144,959107,13883,40070,361,3022,56784,40328,45797,45324,41636,971754,15490,2990,1.13,62.66,5.39,30.82
6033333,28,362,3349,362192,38913,44018,43537,40129,959163,13889,46620,362,2972,67968,40344,45841,45394,41662,971794,15497,3330,1.24,52.97,9.22,36.57
6050000,28,363,3349,361320,38919,44020,43637,40146,959000,13872,29680,363,2974,74352,40338,45896,45448,41672,971658,15476,3400,2.25,46.72,11.54,39.49
6066667,28,364,3348,360632,38912,43955,43558,40123,959069,13879,41760,364,3134,48424,40102,45672,45210,41437,970536,15307,3550,0.95,62.79,7.21,29.05
6083333,28,365,3349,359816,38918,43981,43547,40129,959120,13885,43860,365,2995,64800,40269,45812,45362,41599,971278,15418,3470,1.69,51.95,10.62,35.74
6100000,28,366,3349,361832,38934,44011,43574,40149,959154,13889,33440,366,2988,60608,40302,45848,45403,41633,971459,15445,3470,0.97,55.57,10.28,33.18
6116667,28,367,3349,363200,38889,43990,43585,40114,958850,13856,34330,367,2985,60968,40305,45863,45408,41638,971590,15465,3340,1.33,61.39,5.17,32.11
6133333,28,368,3349,359600,38910,43949,43493,40113,958879,13859,44670,368,3061,49968,40132,45651,45191,41454,970664,15326,3080,0.84,64.6,5.41,29.15
6150000,28,369,3348,361488,38893,44009,43603,40121,958797,13851,26660,369,2987,66888,40288,45784,45347,41607,971435,15442,3040,1.87,53.93,8.16,36.04
6166667,28,370,3350,362456,38877,43917,43571,40094,958755,13846,27820,370,2982,64528,40305,45831,45402,41633,971310,15423,3200,1.21,57.38,7.61,33.8
6183333,28,371,3351,362528,38858,43981,43511,40080,958810,13852,47560,371,2980,61952,40290,45829,45400,41621,971429,15441,3300,1.36,57.03,7.95,33.66
6200000,28,372,3349,360312,38870,43898,43509,40079,958768,13848,24140,372,3041,54664,40098,45634,45211,41429,970408,15288,3440,1.49,60.39,7.23,30.89
6216667,28,373,3351,361824,38856,43973,43564,40084,958659,13836,28840,373,2993,66992,40252,45795,45345,41582,971045,15383,3260,1.64,53.21,10.28,34.87
6233333,28,374,3353,363696,38809,43972,43512,40042,958257,13794,45700,374,2987,76472,40218,45829,45388,41565,970950,15369,3430,3.17,51.85,8.23,36.75
6250000,28,375,3354,364408,38816,44006,43547,40056,958286,13797,25060,375,3002,70144,40191,45863,45429,41555,970866,15356,3440,1.9,56.02,6.7,35.38
6266667,28,376,3352,365160,38833,43942,43507,40056,958341,13803,33050,376,3032,66296,39964,45634,45166,41323,969467,15152,3550,2.7,53.9,7.44,35.96
6283333,28,377,3353,364656,38820,43893,43507,40040,958367,13806,51150,377,2998,66488,40126,45759,45332,41481,970481,15299,3360,1.12,58.04,7.85,32.99
6300000,28,378,3355,365648,38784,43966,43542,40027,957909,13758,33030,378,2993,67624,40169,45833,45385,41529,970567,15312,3300,1.11,59.59,6.75,32.55
6316667,28,379,3356,366832,38749,43940,43596,40004,957494,13716,33030,379,3001,68920,40170,45814,45388,41528,970647,15324,3140,1.73,57.78,5.37,35.12
6333333,28,380,3354,362392,38813,44047,43588,40064,958342,13803,42780,380,3090,47288,39979,45855,45394,41390,970241,15264,3310,0.97,65.85,4.78,28.4
6350000,28,381,3357,365880,38779,44079,43613,40046,957700,13737,20020,381,3018,62976,40124,45889,45437,41509,970541,15308,3240,1.66,56.26,7.71,34.37
6366667,28,382,3357,366672,38751,43973,43546,40003,957514,13718,31200,382,3007,70880,40134,45859,45413,41509,970458,15296,3440,2.11,54.03,8.12,35.74
6383333,28,383,3359,366920,38718,43961,43524,39974,957389,13705,48640,383,3024,70824,40163,45854,45401,41529,970384,15285,3280,1.98,54.71,8.31,35
6400000,28,384,3357,365656,38786,44023,43524,40033,957785,13745,30910,384,3069,49576,40051,45798,45370,41434,970126,15247,3380,0.84,63.2,6.71,29.25
6416667,28,385,3358,367384,38759,43980,43551,40011,957463,13712,35710,385,3050,54856,40163,45835,45411,41528,970530,15306,3150,0.65,63.45,5.51,30.39
6433333,28,386,3359,367512,38695,44013,43502,39961,957366,13702,49340,386,2987,57120,40221,45841,45424,41574,970782,15344,3100,0.35,60.94,6.73,31.98
6450000,28,387,3360,366032,38692,43974,43538,39958,957094,13675,31860,387,3028,58912,40238,45821,45402,41581,970777,15343,2920,0.61,60.05,6.88,32.46
6466667,28,388,3358,365408,38753,43984,43616,40015,957531,13719,31880,388,3107,37208,40051,45773,45389,41434,970419,15290,2870,0.33,74.23,2.88,22.56
6483333,28,389,3358,366800,38740,43908,43571,39989,957283,13694,41450,389,3106,47600,40217,45787,45399,41561,970871,15357,2800,0.62,64.97,6.71,27.7
6500000,28,390,3358,367936,38708,43925,43554,39966,957270,13693,26270,390,3015,52536,40290,45794,45384,41615,971096,15390,2830,0.29,65.75,5.88,28.08
6516667,28,391,3359,365904,38675,43935,43573,39945,956788,13644,34570,391,2991,58848,40325,45816,45413,41648,971186,15404,2780,0.46,61.42,6,32.12
6533333,28,392,3360,365752,38690,43896,43441,39934,956964,13662,46150,392,3136,33880,40058,45544,45133,41378,969945,15221,2850,0.31,72.01,4,23.68
6550000,28,393,3362,364768,38669,43899,43486,39925,956730,13638,38030,393,3055,48008,40216,45627,45232,41520,970613,15318,2850,0.32,61.71,8.69,29.28
6566667,28,394,3363,366360,38674,43891,43477,39926,957071,13672,37900,394,3039,50480,40231,45692,45301,41547,970791,15345,2990,0.38,64.03,5.64,29.95
6583333,28,395,3363,367448,38668,43881,43488,39922,956759,13641,41640,395,3032,54744,40260,45673,45302,41567,970908,15362,2950,0.48,58.11,8.07,33.34
6600000,28,396,3362,365736,38664,43832,43465,39910,956676,13633,33860,396,3067,38200,40077,45486,45098,41381,969978,15226,2920,0.41,67.19,6.32,26.08
6616667,28,397,3361,366336,38697,43849,43521,39944,956818,13647,40400,397,3068,50072,40182,45628,45254,41497,970642,15323,2940,0.66,63.12,6.37,29.85
6633333,28,398,3362,368808,38686,43863,43515,39937,956872,13652,43180,398,3016,51648,40266,45654,45285,41567,970893,15360,2950,0.37,62.92,6.87,29.84
6650000,28,399,3363,366264,38635,43868,43484,39895,956185,13584,31140,399,3048,51040,40270,45663,45303,41573,970917,15364,2870,0.27,60.26,8.72,30.75
6666667,28,400,3363,367896,38675,43858,43398,39913,956501,13615,33900,400,3147,37392,40064,45482,45087,41369,969851,15207,2860,0.29,67.2,7.05,25.46
6683333,28,401,3363,368128,38689,43865,43487,39935,956707,13636,43920,401,3069,46328,40233,45608,45221,41528,970766,15341,2830,0.48,63.39,7.73,28.4
6700000,28,402,3364,366360,38665,43866,43456,39914,956574,13622,31630,402,3024,53928,40283,45653,45261,41577,970974,15372,3010,0.37,61.45,6.95,31.23
6716667,28,403,3363,367016,38679,43825,43417,39914,956772,13642,31600,403,3037,57112,40328,45679,45272,41615,971175,15402,2950,0.51,61.33,7.71,30.45
6733333,28,404,3362,366904,38702,43848,43462,39940,956945,13660,44500,404,3144,38352,40044,45516,45106,41361,970029,15233,3040,0.26,70.45,4.94,24.35
6750000,28,405,3362,366160,38701,43805,43405,39927,956666,13632,23280,405,3013,49792,40244,45631,45250,41543,970935,15366,3160,0.35,64.98,4.79,29.88
6766667,28,406,3364,365552,38690,43871,43544,39944,956843,13649,28620,406,3005,59408,40276,45674,45296,41578,970985,15374,3150,0.55,58.3,7.91,33.24
6783333,28,407,3364,367952,38695,43773,43485,39928,956542,13619,52170,407,3062,50520,40260,45719,45326,41576,970972,15372,3130,0.39,64.26,5.78,29.57
6800000,28,408,3362,365056,38683,43833,43464,39925,956744,13639,32570,408,3070,46560,40034,45538,45154,41362,969906,15215,3090,1.83,63.92,5.61,28.64
6816667,28,409,3361,365136,38712,43814,43481,39946,956735,13639,31040,409,3065,49120,40239,45635,45264,41542,970789,15345,3110,0.36,62.17,7.67,29.8
6833333,28,410,3362,365008,38721,43812,43465,39951,956948,13660,43710,410,3016,54248,40287,45690,45344,41595,971074,15387,3210,0.29,59.3,7.89,32.52
6850000,28,411,3362,367976,38721,43883,43529,39968,956715,13637,20980,411,2991,56640,40339,45722,45366,41640,971231,15411,2970,0.44,55.29,9.01,35.26
6866667,28,412,3362,364992,38723,43812,43470,39952,957053,13671,31180,412,3124,40456,40088,45553,45139,41403,970120,15246,2940,0.45,66.13,5.39,28.03
6883333,28,413,3362,364120,38742,43842,43486,39972,957241,13690,49950,413,3012,51360,40253,45683,45293,41562,970974,15372,3060,1.1,57.67,9.14,32.09
6900000,28,414,3360,366192,38744,43922,43513,39988,957038,13669,31990,414,2967,59808,40320,45713,45328,41620,971216,15408,3170,0.76,56.36,8.27,34.61
6916667,28,415,3361,365472,38721,43864,43487,39959,957057,13671,33770,415,2969,54928,40306,45741,45341,41615,971237,15412,3190,0.43,58.57,7.59,33.41
6933333,28,416,3361,364152,38759,43817,43471,39980,957225,13688,50180,416,3084,46384,40065,45555,45146,41386,970005,15230,2960,1.12,58.21,8.59,32.08
6950000,28,417,3359,363256,38771,43836,43432,39986,957592,13726,31200,417,2987,55200,40248,45678,45273,41555,971013,15378,2900,0.91,53.87,9.31,35.91
6966667,28,418,3359,362640,38758,43882,43547,39997,957294,13695,31200,418,2981,55904,40283,45728,45327,41594,971068,15386,3030,0.57,55.07,9.08,35.28
6983333,28,419,3358,364560,38777,43988,43557,40026,957674,13734,50850,419,2973,67944,40236,45753,45365,41567,970961,15370,3260,1.27,47.74,9.86,41.13
7000000,28,420,3357,364464,38797,43982,43519,40035,957750,13742,24440,420,3084,49352,40044,45545,45113,41365,969883,15212,3340,0.63,59.53,7.26,32.58
7016667,28,421,3356,363904,38799,43862,43551,40026,957748,13742,27860,421,2986,58872,40230,45715,45286,41548,970874,15357,3380,1.01,51.94,10.3,36.75
7033333,28,422,3356,363280,38803,43950,43573,40042,958109,13779,48820,422,2993,59416,40274,45767,45328,41593,971092,15390,3180,0.97,57.04,7.09,34.9
7050000,28,423,3356,364312,38793,43909,43537,40026,957829,13750,26580,423,2986,62184,40321,45812,45361,41637,971294,15420,3380,0.82,56.69,7.45,35.04
7066667,28,424,3355,363728,38829,43923,43502,40050,958302,13799,30180,424,3028,46904,40063,45583,45147,41388,970122,15246,3260,0.54,59.72,7.71,32.03
7083333,28,425,3353,363160,38846,43878,43513,40059,958275,13796,51770,425,2988,57312,40288,45719,45279,41591,971226,15410,3420,0.73,56.21,7.37,35.69
7100000,28,426,3354,363624,38842,43987,43608,40081,958184,13787,30670,426,2974,56616,40301,45784,45350,41617,971302,15422,3080,0.89,57.42,8.18,33.51
7116667,28,427,3355,363448,38851,43926,43622,40082,958077,13776,30660,427,2973,61456,40312,45773,45345,41624,971356,15430,3130,0.85,52.58,9.82,36.75
7133333,28,428,3354,363800,38857,43897,43472,40064,958306,13799,47560,428,3024,48312,40108,45613,45133,41424,970293,15271,3180,0.85,60.18,6.72,32.25
7150000,28,429,3354,361792,38837,43927,43506,40057,958385,13807,28180,429,2996,57328,40283,45714,45257,41584,971217,15409,3350,0.86,53.71,9.38,36.05
7166667,28,430,3355,363472,38828,43918,43541,40053,958309,13800,28290,430,2963,69816,40242,45767,45290,41564,970902,15361,3580,1.7,50.69,8.89,38.72
7183333,28,431,3355,362896,38851,43978,43571,40082,958363,13805,40400,431,2971,79048,40223,45766,45279,41548,970667,15326,3370,2.86,41.16,11.94,44.04
7200000,28,432,3352,362360,38887,43971,43537,40104,958392,13808,31110,432,3041,57008,40042,45553,45086,41362,969678,15182,3350,1.54,54.78,9.8,33.88
7216667,28,433,3353,361640,38887,43988,43491,40100,958563,13826,27400,433,2986,70616,40182,45664,45221,41497,970377,15284,3380,2.28,48.78,11.27,37.67
7233333,28,434,3352,362200,38912,43929,43555,40120,958734,13844,49230,434,2984,72200,40209,45700,45254,41526,970478,15299,3410,1.66,50.92,8.37,39.05
7250000,28,435,3351,359440,38955,44014,43637,40172,958858,13857,37120,435,2985,85640,40196,45718,45272,41520,970127,15247,3640,3.72,38.7,12.53,45.05
7266667,28,436,3347,358376,39027,44086,43655,40238,959693,13946,29290,436,3024,72832,40037,45705,45261,41399,969677,15182,3590,3.07,44.41,10.84,41.68
7283333,28,437,3347,359624,38994,43984,43653,40200,959358,13910,52020,437,2997,78232,40145,45693,45263,41478,969984,15226,3790,2.61,48.03,9.61,39.75
7300000,28,438,3347,361680,39001,43995,43645,40206,959147,13888,30030,438,2998,84800,40140,45651,45261,41469,969725,15189,3910,3.23,43.93,10.33,42.51
7316667,28,439,3349,360344,39002,44015,43578,40200,959044,13877,30040,439,2989,83328,40177,45630,45260,41494,969835,15205,4120,3.07,41.03,13.41,42.49
7333333,28,440,3344,359408,39059,44013,43620,40249,959723,13949,45230,440,3041,64384,40023,45581,45176,41362,969492,15156,4120,2.38,49.15,10.09,38.38
7350000,28,441,3344,359760,39038,44037,43659,40240,959244,13898,20810,441,3006,86472,40124,45590,45201,41441,969589,15170,4100,4.77,40.14,11.63,43.46
7366667,28,442,3347,361528,38971,43954,43577,40169,958869,13858,30590,442,2995,86208,40104,45560,45152,41417,969459,15151,4040,3.01,42.07,12.71,42.21
7383333,28,443,3347,362528,38970,43895,43525,40155,958786,13850,48360,443,2991,85112,40107,45524,45116,41410,969406,15144,3840,1.97,39.76,13.83,44.44
7400000,28,444,3345,360616,39036,43960,43538,40214,959489,13924,29800,444,3027,68424,39985,45466,45074,41306,969213,15116,3830,1.62,49.67,9.09,39.62
7416667,28,445,3348,363568,39027,43951,43603,40215,959015,13874,34430,445,3010,93008,40062,45479,45076,41366,968937,15078,3860,3.97,34.69,13.86,47.48
7433333,28,446,3348,362440,38985,43943,43539,40174,958663,13837,48440,446,2993,78528,40112,45514,45095,41410,969241,15120,3790,1.85,49.27,10.7,38.18
7450000,28,447,3348,360544,39004,43941,43518,40185,958505,13820,30470,447,2983,85608,40170,45492,45086,41450,969279,15126,3760,2.33,40.18,14.19,43.3
7466667,28,448,3345,359560,39092,44030,43637,40277,959498,13925,30450,448,3019,70784,40067,45454,45065,41365,969118,15103,3770,1.6,48.2,9.55,40.65
7483333,28,449,3346,362232,39039,43900,43536,40209,959002,13872,47260,449,2994,76832,40204,45467,45079,41471,969662,15180,3760,1.56,46.77,11.7,39.97
7500000,28,450,3348,361640,39037,43895,43526,40205,958500,13820,23630,450,3002,98712,40154,45498,45097,41440,969152,15108,4170,4.72,35.71,11.86,47.71
7516667,28,451,3348,362672,39029,43828,43478,40185,958615,13832,28950,451,2994,88328,40135,45451,45077,41417,969091,15099,4170,2.97,41.44,11.36,44.23
7533333,28,452,3345,361632,39107,43904,43571,40264,959443,13919,53270,452,3022,68432,40030,45393,45013,41323,968875,15069,3870,2.07,50.76,7.58,39.59
7550000,28,453,3348,361672,39073,43846,43493,40222,958720,13843,31630,453,2994,78544,40166,45411,45049,41432,969269,15124,3900,1.76,43.7,12.79,41.75
7566667,28,454,3347,362136,39056,43909,43479,40215,958601,13830,31600,454,2975,83008,40240,45446,45107,41499,969564,15166,3560,1.54,47.69,9.7,41.07
7583333,28,455,3347,361416,39052,43857,43476,40206,958583,13828,40830,455,2975,84976,40212,45475,45093,41480,969429,15147,3830,1.86,44.08,9.57,44.49
7600000,28,456,3342,358048,39143,43920,43626,40301,959516,13927,24730,456,3043,54112,40125,45489,45107,41418,969398,15142,3570,1.36,55.45,8.84,34.35
7616667,28,457,3341,359456,39149,44003,43667,40321,959248,13899,30060,457,2989,74288,40258,45552,45143,41531,969779,15197,3640,1.58,47.32,10.26,40.84
7633333,28,458,3343,356552,39121,43931,43643,40288,959024,13875,44840,458,2966,76456,40332,45575,45161,41591,969996,15228,3390,0.81,47.96,10.52,40.71
7650000,28,459,3341,356744,39143,44000,43615,40309,958987,13871,31980,459,2961,73968,40367,45574,45179,41620,970198,15257,3670,1.71,50.08,9.5,38.71
7666667,28,460,3338,353848,39230,44090,43626,40387,960012,13981,34300,460,3020,57704,40285,45566,45160,41554,970056,15237,3630,1.38,56.3,7.23,35.09
7683333,28,461,3337,354568,39209,43999,43686,40367,959723,13949,43340,461,2975,67240,40407,45583,45196,41652,970535,15307,3900,1.19,50.12,10.62,38.07
7700000,28,462,3337,353816,39193,43998,43646,40350,959220,13896,31550,462,2955,72992,40454,45621,45231,41697,970622,15320,3940,1.07,48.92,8.93,41.08
7716667,28,463,3335,355312,39235,43972,43674,40382,959417,13917,43370,463,2965,81648,40435,45589,45243,41680,970334,15277,3850,2.55,40.06,12.87,44.52
7733333,28,464,3332,355200,39296,43942,43619,40417,959571,13933,38240,464,3007,56592,40299,45319,44980,41512,969370,15139,3560,1.55,51.52,11.37,35.56
7750000,28,465,3334,352448,39287,43920,43618,40407,959564,13932,34460,465,2977,62688,40504,45477,45135,41705,970540,15308,3350,1.06,56.36,7.13,35.45
7766667,28,466,3333,352752,39300,43950,43652,40425,959625,13939,39120,466,2958,68872,40572,45554,45217,41775,970731,15336,3450,1.44,49.32,10.01,39.23
7783333,28,467,3331,353680,39322,43998,43750,40460,959382,13913,44540,467,2947,68688,40609,45602,45268,41816,971008,15377,3590,1.53,46.62,12.44,39.41
7800000,28,468,3327,351320,39360,43969,43673,40475,959591,13935,39150,468,3011,50104,40418,45418,45086,41627,969923,15218,3530,1.53,54.71,8.88,34.88
7816667,28,469,3326,348936,39393,44039,43808,40526,959679,13945,32190,469,2969,67656,40608,45560,45244,41806,970704,15332,3450,1.84,45.89,11.47,40.8
7833333,28,470,3324,350832,39439,44146,43852,40579,959935,13972,48980,470,2953,68352,40699,45638,45321,41894,971025,15380,3240,1.88,47.02,10.86,40.24
7850000,28,471,3323,348864,39449,44216,43847,40595,959713,13948,30030,471,2945,66568,40763,45698,45372,41956,971079,15388,3460,1.07,49.21,11.03,38.69
7866667,28,472,3319,345920,39491,44151,43846,40618,959884,13967,30030,472,3002,54392,40572,45551,45190,41771,970115,15245,3200,1.03,53.93,7.78,37.26
7883333,28,473,3318,345200,39548,44215,43886,40673,960082,13988,51610,473,2948,61424,40841,45702,45368,42015,971371,15432,3460,0.88,53.6,8.12,37.4
7900000,28,474,3316,345664,39520,44250,43939,40663,959880,13966,27040,474,2951,70368,40769,45767,45409,41974,970978,15373,3280,1.88,46.37,10.66,41.09
7916667,28,475,3312,342000,39565,44309,43945,40706,960108,13991,27200,475,2944,77976,40764,45821,45482,41986,970824,15350,3520,2.77,40.8,11.46,44.97
7933333,28,476,3311,341184,39647,44358,44016,40782,960570,14042,46120,476,3035,45600,40624,45747,45374,41858,970284,15270,3570,1.01,58.55,8.35,32.09
7950000,28,477,3309,338968,39684,44428,44141,40834,960854,14073,20720,477,2956,62904,40865,45935,45580,42088,971360,15430,3110,1.39,47.11,10.57,40.93
7966667,28,478,3307,342072,39673,44397,44102,40817,960573,14042,29140,478,2953,61016,40895,45939,45589,42113,971364,15431,2540,1.33,50.5,8.96,39.21
7983333,28,479,3304,335832,39755,44528,44177,40904,961077,14098,34460,479,2946,80104,40990,46039,45716,42212,971564,15461,2350,2.61,40.28,8.74,48.37
